route_point,x,y
0,0.0,0.0
1,0,0
2,0.0124,0.0123
3,0.0511,0.0123
4,0.1357,0.017
5,0.2075,0.0258
6,0.2762,0.0376
7,0.3462,0.0536
8,0.4876,0.0884
9,0.5536,0.1088
10,0.6131,0.1282
11,0.6603,0.1456
12,0.7017,0.1604
13,0.7631,0.1774
14,0.8235,0.1913
15,0.8712,0.2046
16,0.9168,0.219
17,0.9613,0.2358
18,0.9994,0.2506
19,1.0331,0.2616
20,1.0694,0.2827
21,1.1106,0.3291
22,1.136,0.3567
23,1.1698,0.3978
24,1.1896,0.4282
25,1.1978,0.4795
26,1.1978,0.5389
27,1.1978,0.5763
28,1.1978,0.6185
29,1.1978,0.6599
30,1.1978,0.6994
31,1.1978,0.7353
32,1.197,0.789
33,1.1899,0.8271
34,1.1761,0.8631
35,1.1704,0.9039
36,1.1664,0.9389
37,1.1579,0.9855
38,1.1829,1.0126
39,1.2402,1.0126
40,1.2948,1.0126
41,1.3425,1.0171
42,1.382,1.0181
43,1.4225,1.0192
44,1.461,1.0229
45,1.5029,1.0244
46,1.5434,1.0244
47,1.5823,1.0244
48,1.637,1.0204
49,1.6722,1.02
50,1.7119,1.0194
51,1.7592,1.0147
52,1.8024,1.0138
53,1.8447,1.0138
54,1.8917,1.0149
55,1.9299,1.0182
56,1.9477,1.0217
57,1.9554,1.0159
58,1.9554,1.0576
59,1.9554,1.1005
60,1.9554,1.1652
61,1.9554,1.2079
62,1.9554,1.2546
63,1.9554,1.3031
64,1.9583,1.3464
65,1.9634,1.3813
66,1.9724,1.4426
67,1.9763,1.486
68,1.9785,1.5252
69,1.9623,1.5651
70,1.9405,1.6028
71,1.9145,1.6357
72,1.875,1.6871
73,1.8509,1.7211
74,1.8225,1.7755
75,1.8075,1.8125
76,1.7895,1.8427
77,1.7429,1.8798
78,1.55,2.05
